{"ProjectWatches":"{\"Value\":[{\"Id\":\"9497894a-bfd7-4e89-bf4c-cd51ca2af078\",\"Expression\":\"Date.Today.ToShortDateString\"},{\"Id\":\"822dd23a-8a43-4fa0-ba39-46a7d5ee1165\",\"Expression\":\"\\\"E:\\\\MyProjects\\\\UiPath\\\\IMDb Top Box Office US\\\\Data\\\\Temp\\\\IMDb Top Box Office Movies Data.xlsx\\\".Split(\\\"\\\\\\\"c)(\\\"E:\\\\MyProjects\\\\UiPath\\\\IMDb Top Box Office US\\\\Data\\\\Temp\\\\IMDb Top Box Office Movies Data.xlsx\\\".Split(\\\"\\\\\\\"c).Length-1)\"},{\"Id\":\"13945eeb-3c58-471b-9ca2-672a1180fe1b\",\"Expression\":\"Directory.Exists(\\\"E:\\\\MyProjects\\\\UiPath\\\\IMDb Top Box Office US\\\\Data\\\\Temp\\\\\\\")\"},{\"Id\":\"cb0d46c3-bf75-4906-90da-6e1a63bfe880\",\"Expression\":\"Directory.Exists(in_FilePath.Replace( in_FilePath.Split(\\\"\\\\\\\"c)(in_FilePath.Split(\\\"\\\\\\\"c).Length - 1).ToString,\\\"\\\"))\"},{\"Id\":\"a6542214-56ae-4835-b452-1ffb063c20a7\",\"Expression\":\"in_FilePath.Replace(Path.GetFileName(in_FilePath),\\\"\\\")\"},{\"Id\":\"14d80378-f6c4-4595-ad23-25c950e00efe\",\"Expression\":\"Today.ToShortDateString\"}]}","OpenedDocuments":"[\"Main.xaml\",\"MailMoviesData.xaml\",\"Initialization.xaml\",\"IMDb/IMDb_GetTopMovies.xaml\",\"IMDb/IMDb_GetMovieData.xaml\"]","ProjectBreakpoints":"{\"Value\":{}}"}